﻿{"cameraMode":{"drawMode":0,"name":"Shaded","section":"Shading Mode"},"sceneLighting":true,"audioPlay":false,"sceneViewState":{"showFog":true,"showMaterialUpdate":false,"showSkybox":true,"showFlares":true,"showImageEffects":true,"showParticleSystems":true},"in2DMode":false,"pivot":{"x":0.8701926469802856,"y":1.974993109703064,"z":-2.298065185546875},"rotation":{"x":-0.00018715820624493062,"y":0.9975954294204712,"z":-0.06925375759601593,"w":-0.0026918104849755766},"size":9.300254821777344,"orthographic":false}